raceId,driverId,constructorId,year,date,circuit_name,circuit_country,constructor_name,grid_pos,qual_pos,q1,q2,q3,driver_age,driver_career_starts,driver_prev_points_3r,driver_prev_wins_3r,driver_prev_podium_3r,driver_prev_avg_finish_3r,team_prev_points_3r,team_prev_avg_finish_3r,team_prev_podium_3r,driver_reliability,team_reliability,driver_track_hist_finish,sprint_finish_pos,sprint_points,sprint_podium,pit_count,pit_total_duration,lap_ms_mean,lap_ms_std,laps_completed,driver_season_points,driver_season_pos,team_season_points,team_season_pos,finish_pos,did_win,did_podium,did_finish,points
900,1,131,2014,2014-03-16,Albert Park Grand Prix Circuit,Australia,Mercedes,1,1.0,1:31.699,1:42.890,1:44.231,29.1854893908282,0,,,,,,,,,,,,,0.0,,,103207.5,4130.210708910624,2.0,0.0,19,25.0,2,19,0,0,0,0.0
900,3,131,2014,2014-03-16,Albert Park Grand Prix Circuit,Australia,Mercedes,3,3.0,1:32.564,1:42.264,1:44.595,28.71731690622861,0,,,,,,,,,0.0,,,,0.0,2.0,24.33123.673,97872.1052631579,12238.517778607551,57.0,25.0,1,25.0,2,1,1,1,1,25.0
900,4,6,2014,2014-03-16,Albert Park Grand Prix Circuit,Australia,Ferrari,5,5.0,1:31.388,1:42.805,1:45.819,32.629705681040384,0,,,,,,,,,,,,,0.0,2.0,22.88721.978,98491.12280701754,10747.00663984125,57.0,12.0,4,18.0,3,4,0,0,1,12.0
900,8,6,2014,2014-03-16,Albert Park Grand Prix Circuit,Australia,Ferrari,11,12.0,1:32.439,1:44.494,\N,34.41204654346338,0,,,,,,,,,1.0,,,,0.0,2.0,25.54321.825,98883.94736842105,10726.768399697641,57.0,6.0,7,18.0,3,7,0,0,1,6.0
900,13,3,2014,2014-03-16,Albert Park Grand Prix Circuit,Australia,Williams,9,9.0,1:31.228,1:44.242,1:48.079,32.889801505817935,0,,,,,,,,,,,,,0.0,,,,,,0.0,20,10.0,4,20,0,0,0,0.0
900,16,15,2014,2014-03-16,Albert Park Grand Prix Circuit,Australia,Sauber,13,14.0,1:33.673,1:45.655,\N,31.175906913073238,0,,,,,,,,,,,,,0.0,1.0,24.305,99765.21428571429,8735.43787883955,56.0,0.0,11,0.0,7,11,0,0,0,0.0
900,18,1,2014,2014-03-16,Albert Park Grand Prix Circuit,Australia,McLaren,10,11.0,1:31.396,1:44.437,\N,34.15468856947297,0,,,,,,,,,,,,,0.0,2.0,22.41122.399,98398.8947368421,9857.217320834023,57.0,15.0,3,33.0,1,3,0,1,1,15.0
900,20,9,2014,2014-03-16,Albert Park Grand Prix Circuit,Australia,Red Bull,12,13.0,1:31.931,1:44.688,\N,26.702258726899384,0,,,,,,,,,,,,,0.0,,,114128.0,5979.455911703004,3.0,0.0,18,0.0,11,18,0,0,0,0.0
900,154,208,2014,2014-03-16,Albert Park Grand Prix Circuit,Australia,Lotus F1,22,21.0,1:36.993,\N,\N,27.912388774811774,0,,,,,,,,,,,,,0.0,2.0,17.25522.264,101027.09302325582,9969.285590332785,43.0,0.0,15,0.0,9,15,0,0,0,0.0
900,155,207,2014,2014-03-16,Albert Park Grand Prix Circuit,Australia,Caterham,14,15.0,1:34.274,1:45.867,\N,27.50444900752909,0,,,,,,,,,,,,,0.0,,,,,,0.0,21,0.0,10,21,0,0,0,0.0
900,807,10,2014,2014-03-16,Albert Park Grand Prix Circuit,Australia,Force India,7,7.0,1:33.893,1:43.658,1:46.030,26.573579739904176,0,,,,,,,,,,,,,0.0,2.0,22.61522.933,98761.8947368421,10714.074177861643,57.0,8.0,6,9.0,5,6,0,0,1,8.0
900,813,208,2014,2014-03-16,Albert Park Grand Prix Circuit,Australia,Lotus F1,21,22.0,\N,\N,\N,29.018480492813143,0,,,,,,,,,0.0,,,,0.0,1.0,22.847,104033.41379310345,10468.672099982205,29.0,0.0,16,0.0,9,16,0,0,0,0.0
900,815,10,2014,2014-03-16,Albert Park Grand Prix Circuit,Australia,Force India,16,16.0,1:34.141,1:47.293,\N,24.134154688569474,0,,,,,,,,,1.0,,,,0.0,3.0,25.54122.49722.526,99379.40350877192,10824.772714307492,57.0,1.0,10,9.0,5,10,0,0,1,1.0
900,817,9,2014,2014-03-16,Albert Park Grand Prix Circuit,Australia,Red Bull,2,2.0,1:30.775,1:42.295,1:44.548,24.706365503080082,0,,,,,,,,,0.0,,,,0.0,2.0,22.99422.427,98302.36842105263,11523.36415510365,57.0,0.0,22,0.0,11,22,0,0,0,0.0
900,818,5,2014,2014-03-16,Albert Park Grand Prix Circuit,Australia,Toro Rosso,6,6.0,1:33.488,1:43.849,1:45.864,23.890485968514717,0,,,,,,,,,,,,,0.0,2.0,23.12422.978,98932.47368421052,10647.88362624446,57.0,4.0,8,6.0,6,8,0,0,1,4.0
900,820,206,2014,2014-03-16,Albert Park Grand Prix Circuit,Australia,Marussia,17,17.0,1:34.293,\N,\N,22.902121834360027,0,,,,,,,,,,,,,0.0,2.0,24.20923.493,101837.61818181818,8154.84807063987,55.0,0.0,13,0.0,8,13,0,0,0,0.0
900,821,15,2014,2014-03-16,Albert Park Grand Prix Circuit,Australia,Sauber,20,19.0,1:35.117,\N,\N,22.611909650924023,0,,,,,,,,,0.0,,,,0.0,2.0,32.65723.797,99874.21428571429,10910.073823122108,56.0,0.0,12,0.0,7,12,0,0,0,0.0
900,822,3,2014,2014-03-16,Albert Park Grand Prix Circuit,Australia,Williams,15,10.0,1:31.601,1:43.852,1:48.147,24.54757015742642,0,,,,,,,,,0.0,,,,0.0,2.0,34.92123.117,98707.87719298246,10793.1916884643,57.0,10.0,5,10.0,4,5,0,0,1,10.0
900,824,206,2014,2014-03-16,Albert Park Grand Prix Circuit,Australia,Marussia,18,18.0,1:34.794,\N,\N,24.61601642710472,0,,,,,,,,,0.0,,,,0.0,2.0,23.82122.656,115760.02040816327,106060.95257749391,49.0,0.0,14,0.0,8,14,0,0,0,0.0
900,825,1,2014,2014-03-16,Albert Park Grand Prix Circuit,Australia,McLaren,4,4.0,1:30.949,1:43.247,1:45.745,21.44284736481862,0,,,,,,,,,1.0,,,,0.0,2.0,23.15022.273,98341.87719298246,11084.16585570569,57.0,18.0,2,33.0,1,2,0,1,1,18.0
900,826,5,2014,2014-03-16,Albert Park Grand Prix Circuit,Australia,Toro Rosso,8,8.0,1:33.777,1:44.331,1:47.368,19.887748117727583,0,,,,,,,,,1.0,,,,0.0,2.0,30.51423.920,98987.63157894737,10907.09592524776,57.0,2.0,9,6.0,6,9,0,0,1,2.0
900,828,207,2014,2014-03-16,Albert Park Grand Prix Circuit,Australia,Caterham,19,20.0,1:35.157,\N,\N,23.534565366187543,0,,,,,,,,,0.0,,,,0.0,1.0,23.238,105014.29629629629,10375.68483676662,27.0,0.0,17,0.0,10,17,0,0,0,0.0
901,1,131,2014,2014-03-30,Sepang International Circuit,Malaysia,Mercedes,1,1.0,1:57.202,1:59.041,1:59.431,29.22381930184805,1,,,,,,,,0.0,0.5,,,,0.0,3.0,24.60425.29624.484,107606.67857142857,4669.056977425051,56.0,25.0,2,68.0,1,1,1,1,1,25.0
901,3,131,2014,2014-03-30,Sepang International Circuit,Malaysia,Mercedes,3,3.0,1:57.183,1:59.445,2:00.050,28.75564681724846,1,,,,,16.666666666666668,7.0,0.6666666666666666,1.0,0.6666666666666666,,,,0.0,3.0,24.72325.28724.654,107915.83928571429,4682.4733781771465,56.0,43.0,1,68.0,1,2,0,1,1,18.0
901,4,6,2014,2014-03-30,Sepang International Circuit,Malaysia,Ferrari,4,4.0,1:58.889,2:01.356,2:00.175,32.668035592060235,1,,,,,,,,1.0,1.0,,,,0.0,3.0,24.46624.22224.641,108249.39285714286,4598.403053545557,56.0,24.0,3,30.0,3,4,0,0,1,12.0
901,8,6,2014,2014-03-30,Sepang International Circuit,Malaysia,Ferrari,6,6.0,1:59.257,2:01.532,2:01.218,34.450376454483234,1,,,,,10.0,5.0,0.0,1.0,1.0,,,,0.0,3.0,26.39924.41724.246,110139.52727272727,7343.0118072913565,55.0,6.0,9,30.0,3,12,0,0,0,0.0
901,13,3,2014,2014-03-30,Sepang International Circuit,Malaysia,Williams,13,13.0,2:00.047,2:02.460,\N,32.92813141683778,1,,,,,,,,0.0,0.5,,,,0.0,3.0,24.63724.57724.526,109125.89285714286,4680.60821486256,56.0,6.0,10,20.0,4,7,0,0,1,6.0
901,16,15,2014,2014-03-30,Sepang International Circuit,Malaysia,Sauber,17,18.0,2:02.131,\N,\N,31.21423682409309,1,,,,,,,,0.0,0.0,,,,0.0,2.0,25.99825.493,111436.59375,5602.534460226388,32.0,0.0,15,0.0,8,18,0,0,0,0.0
901,18,1,2014,2014-03-30,Sepang International Circuit,Malaysia,McLaren,10,10.0,2:00.889,2:01.810,2:04.053,34.19301848049281,1,,,,,,,,1.0,1.0,,,,0.0,3.0,24.84124.52425.028,109101.16071428571,4646.692825017051,56.0,23.0,4,43.0,2,6,0,0,1,8.0
901,20,9,2014,2014-03-30,Sepang International Circuit,Malaysia,Red Bull,2,2.0,1:57.654,1:59.399,1:59.486,26.740588637919235,1,,,,,,,,0.0,0.0,,,,0.0,3.0,24.43224.72825.186,108044.78571428571,4686.571434192826,56.0,15.0,7,15.0,6,3,0,1,1,15.0
901,154,208,2014,2014-03-30,Sepang International Circuit,Malaysia,Lotus F1,15,16.0,2:00.202,2:02.885,\N,27.95071868583162,1,,,,,,,,0.0,0.0,,,,0.0,3.0,25.04625.59625.735,110137.01818181819,4857.016061141017,55.0,0.0,14,0.0,9,11,0,0,0,0.0
901,155,207,2014,2014-03-30,Sepang International Circuit,Malaysia,Caterham,20,20.0,2:03.595,\N,\N,27.54277891854894,1,,,,,,,,0.0,0.0,,,,0.0,2.0,27.12426.505,110868.14545454546,4530.402571508703,55.0,0.0,18,0.0,10,13,0,0,0,0.0
901,807,10,2014,2014-03-30,Sepang International Circuit,Malaysia,Force India,7,7.0,1:58.883,2:00.839,2:01.712,26.611909650924023,1,,,,,,,,1.0,1.0,,,,0.0,2.0,25.33624.887,108449.51785714286,3950.6363445586953,56.0,18.0,6,19.0,5,5,0,0,1,10.0
901,813,208,2014,2014-03-30,Sepang International Circuit,Malaysia,Lotus F1,16,17.0,2:02.074,\N,\N,29.05681040383299,1,,,,,0.0,14.0,0.0,0.0,0.0,,,,0.0,,,115515.28571428571,6945.56766852755,7.0,0.0,21,0.0,9,21,0,0,0,0.0
901,815,10,2014,2014-03-30,Sepang International Circuit,Malaysia,Force India,14,14.0,2:00.076,2:02.511,\N,24.17248459958932,1,,,,,6.333333333333333,7.0,0.0,1.0,1.0,,,,0.0,,,,,,1.0,13,19.0,5,22,0,0,0,0.0
901,817,9,2014,2014-03-30,Sepang International Circuit,Malaysia,Red Bull,5,5.0,1:58.913,2:00.147,2:00.541,24.744695414099933,1,,,,,5.0,14.333333333333334,0.3333333333333333,0.0,0.3333333333333333,,,,0.0,5.0,24.70924.7751:49.32934.69734.480,112705.02040816327,16444.465427221247,49.0,0.0,22,15.0,6,16,0,0,0,0.0
901,818,5,2014,2014-03-30,Sepang International Circuit,Malaysia,Toro Rosso,9,9.0,2:01.689,2:02.096,2:03.078,23.928815879534564,1,,,,,,,,1.0,1.0,,,,0.0,2.0,45.62926.598,116105.83333333333,13644.209085132916,18.0,4.0,11,7.0,7,19,0,0,0,0.0
901,820,206,2014,2014-03-30,Sepang International Circuit,Malaysia,Marussia,21,21.0,2:04.388,\N,\N,22.940451745379878,1,,,,,,,,0.0,0.0,,,,0.0,3.0,25.63929.21027.828,111808.16666666667,5475.5618054137285,54.0,0.0,17,0.0,11,15,0,0,0,0.0
901,821,15,2014,2014-03-30,Sepang International Circuit,Malaysia,Sauber,12,12.0,2:01.134,2:02.369,\N,22.650239561943874,1,,,,,0.0,13.666666666666666,0.0,0.0,0.0,,,,0.0,2.0,29.42026.325,111369.62857142858,5472.10082297528,35.0,0.0,16,0.0,8,17,0,0,0,0.0
901,822,3,2014,2014-03-30,Sepang International Circuit,Malaysia,Williams,18,15.0,1:59.709,2:02.756,\N,24.58590006844627,1,,,,,5.333333333333333,10.666666666666666,0.0,1.0,0.6666666666666666,,,,0.0,3.0,25.02024.96424.498,109134.125,4868.915664470612,56.0,14.0,8,20.0,4,8,0,0,1,4.0
901,824,206,2014,2014-03-30,Sepang International Circuit,Malaysia,Marussia,19,19.0,2:02.702,\N,\N,24.654346338124572,1,,,,,0.0,14.0,0.0,0.0,0.0,,,,0.0,1.0,52.836,128704.0,30077.119447941062,8.0,0.0,20,0.0,11,20,0,0,0,0.0
901,825,1,2014,2014-03-30,Sepang International Circuit,Malaysia,McLaren,8,8.0,2:00.356,2:02.094,2:02.213,21.481177275838466,1,,,,,13.666666666666666,3.6666666666666665,0.6666666666666666,1.0,1.0,,,,0.0,3.0,37.11630.66124.415,109606.63636363637,6040.001049679935,55.0,20.0,5,43.0,2,9,0,0,0,2.0
901,826,5,2014,2014-03-30,Sepang International Circuit,Malaysia,Toro Rosso,11,11.0,2:01.175,2:02.351,\N,19.926078028747433,1,,,,,2.0,12.0,0.0,1.0,0.6666666666666666,,,,0.0,3.0,25.10927.47325.289,110096.98181818181,4869.79575771772,55.0,3.0,12,7.0,7,10,0,0,0,1.0
901,828,207,2014,2014-03-30,Sepang International Circuit,Malaysia,Caterham,22,22.0,2:04.407,\N,\N,23.572895277207394,1,,,,,0.0,17.0,0.0,0.0,0.0,,,,0.0,3.0,30.04026.51526.030,111805.75925925926,5604.393498686561,54.0,0.0,19,0.0,10,14,0,0,0,0.0
902,1,131,2014,2014-04-06,Bahrain International Circuit,Bahrain,Mercedes,2,2.0,1:35.323,1:33.872,1:33.464,29.242984257357975,2,,,,,22.666666666666668,1.3333333333333333,1.0,0.5,0.75,,,,0.0,2.0,24.68725.146,104960.40350877192,14544.790201133443,57.0,50.0,2,111.0,1,1,1,1,1,25.0
902,3,131,2014,2014-04-06,Bahrain International Circuit,Bahrain,Mercedes,1,1.0,1:35.439,1:33.708,1:33.185,28.774811772758383,2,,,,,22.666666666666668,1.3333333333333333,1.0,1.0,0.8,,,,0.0,2.0,24.85124.907,104979.43859649122,13646.056900408923,57.0,61.0,1,111.0,1,2,0,1,1,18.0
902,4,6,2014,2014-04-06,Bahrain International Circuit,Bahrain,Ferrari,9,10.0,1:35.251,1:34.723,1:34.992,32.68720054757016,2,,,,,6.0,7.666666666666667,0.0,1.0,0.75,,,,0.0,3.0,25.77024.57624.493,105532.24561403508,10894.835670891935,57.0,26.0,4,33.0,5,9,0,0,1,2.0
902,8,6,2014,2014-04-06,Bahrain International Circuit,Bahrain,Ferrari,5,6.0,1:35.234,1:34.925,1:34.368,34.469541409993155,2,,,,,4.666666666666667,8.333333333333334,0.0,0.5,0.8,,,,0.0,3.0,25.00925.41524.453,105547.45614035087,9782.115061372715,57.0,7.0,12,33.0,5,10,0,0,1,1.0
902,13,3,2014,2014-04-06,Bahrain International Circuit,Bahrain,Williams,7,8.0,1:35.085,1:34.842,1:34.511,32.94729637234771,2,,,,,6.666666666666667,6.666666666666667,0.0,0.5,0.75,,,,0.0,3.0,24.52825.89624.575,105508.91228070176,10270.195444796114,57.0,12.0,11,30.0,6,7,0,0,1,6.0
902,16,15,2014,2014-04-06,Bahrain International Circuit,Bahrain,Sauber,22,18.0,1:36.840,\N,\N,31.23340177960301,2,,,,,0.0,15.666666666666666,0.0,0.0,0.0,,,,0.0,2.0,25.29340.747,116078.82352941176,32796.822371297065,17.0,0.0,16,0.0,9,22,0,0,0,0.0
902,18,1,2014,2014-04-06,Bahrain International Circuit,Bahrain,McLaren,6,7.0,1:35.699,1:34.714,1:34.387,34.21218343600274,2,,,,,9.333333333333334,5.666666666666667,0.3333333333333333,1.0,0.75,,,,0.0,2.0,24.47625.245,106506.96363636364,11861.061193176722,55.0,23.0,5,43.0,3,17,0,0,0,0.0
902,20,9,2014,2014-04-06,Bahrain International Circuit,Bahrain,Red Bull,10,11.0,1:35.549,1:34.985,\N,26.759753593429156,2,,,,,5.0,13.666666666666666,0.3333333333333333,0.5,0.25,,,,0.0,2.0,24.96426.186,105484.59649122808,10381.24686610368,57.0,23.0,6,35.0,4,6,0,0,1,8.0
902,154,208,2014,2014-04-06,Bahrain International Circuit,Bahrain,Lotus F1,16,16.0,1:36.654,1:35.908,\N,27.969883641341546,2,,,,,0.0,16.0,0.0,0.0,0.0,,,,0.0,3.0,25.19225.03225.693,105717.29824561403,8658.178352956471,57.0,0.0,15,0.0,8,12,0,0,1,0.0
902,155,207,2014,2014-04-06,Bahrain International Circuit,Bahrain,Caterham,18,19.0,1:37.085,\N,\N,27.561943874058862,2,,,,,0.0,14.666666666666666,0.0,0.0,0.0,,,,0.0,2.0,27.12426.628,106502.50877192983,6419.930384921872,57.0,0.0,19,0.0,11,15,0,0,1,0.0
902,807,10,2014,2014-04-06,Bahrain International Circuit,Bahrain,Force India,11,12.0,1:34.874,1:35.116,\N,26.63107460643395,2,,,,,3.6666666666666665,12.333333333333334,0.0,1.0,0.75,,,,0.0,2.0,24.75724.440,105463.1052631579,10950.225742428807,57.0,28.0,3,44.0,2,5,0,0,1,10.0
902,813,208,2014,2014-04-06,Bahrain International Circuit,Bahrain,Lotus F1,17,17.0,1:36.663,\N,\N,29.075975359342916,2,,,,,0.0,14.666666666666666,0.0,0.0,0.2,,,,0.0,4.0,25.39526.44034.24932.874,106062.21052631579,10833.112776075624,57.0,0.0,20,0.0,8,14,0,0,1,0.0
902,815,10,2014,2014-04-06,Bahrain International Circuit,Bahrain,Force India,4,5.0,1:34.998,1:34.747,1:34.346,24.191649555099247,2,,,,,6.666666666666667,10.666666666666666,0.0,0.5,0.8,,,,0.0,2.0,24.69724.737,105382.63157894737,11096.305274137065,57.0,16.0,9,44.0,2,3,0,1,1,15.0
902,817,9,2014,2014-04-06,Bahrain International Circuit,Bahrain,Red Bull,13,3.0,1:36.220,1:34.592,1:34.051,24.763860369609855,2,,,,,7.666666666666667,8.333333333333334,0.3333333333333333,0.0,0.4,,,,0.0,2.0,24.70624.816,105390.0350877193,10119.26708590546,57.0,12.0,10,35.0,4,4,0,0,1,12.0
902,818,5,2014,2014-04-06,Bahrain International Circuit,Bahrain,Toro Rosso,14,14.0,1:35.815,1:35.286,\N,23.94798083504449,2,,,,,1.0,12.666666666666666,0.0,0.5,0.5,,,,0.0,2.0,33.89525.897,109378.61111111111,13053.474769031869,18.0,4.0,13,7.0,7,21,0,0,0,0.0
902,820,206,2014,2014-04-06,Bahrain International Circuit,Bahrain,Marussia,21,22.0,1:37.913,\N,\N,22.9596167008898,2,,,,,0.0,16.333333333333332,0.0,0.0,0.0,,,,0.0,3.0,25.85827.23325.981,106011.43859649122,7250.091795028589,57.0,0.0,18,0.0,10,13,0,0,1,0.0
902,821,15,2014,2014-04-06,Bahrain International Circuit,Bahrain,Sauber,15,15.0,1:36.567,1:35.891,\N,22.6694045174538,2,,,,,0.0,19.0,0.0,0.0,0.0,,,,0.0,2.0,25.54325.633,104071.79487179487,4724.807922464527,39.0,0.0,17,0.0,9,19,0,0,0,0.0
902,822,3,2014,2014-04-06,Bahrain International Circuit,Bahrain,Williams,3,4.0,1:34.934,1:34.842,1:34.247,24.605065023956193,2,,,,,5.333333333333333,7.333333333333333,0.0,1.0,0.8,,,,0.0,3.0,25.04025.06825.980,105519.63157894737,10926.823390876858,57.0,18.0,8,30.0,6,8,0,0,1,4.0
902,824,206,2014,2014-04-06,Bahrain International Circuit,Bahrain,Marussia,19,20.0,1:37.310,\N,\N,24.673511293634498,2,,,,,0.0,16.0,0.0,0.0,0.2,,,,0.0,5.0,25.75629.72918.98925.86625.383,108206.51785714286,8420.400722468501,56.0,0.0,22,0.0,10,16,0,0,0,0.0
902,825,1,2014,2014-04-06,Bahrain International Circuit,Bahrain,McLaren,8,9.0,1:35.288,1:34.904,1:34.712,21.50034223134839,2,,,,,3.3333333333333335,10.666666666666666,0.0,0.5,0.6,,,,0.0,3.0,24.61124.55925.572,103879.35,5314.098474088308,40.0,20.0,7,43.0,3,18,0,0,0,0.0
902,826,5,2014,2014-04-06,Bahrain International Circuit,Bahrain,Toro Rosso,12,13.0,1:35.395,1:35.145,\N,19.94524298425736,2,,,,,0.3333333333333333,16.666666666666668,0.0,0.5,0.4,,,,0.0,3.0,26.06425.34025.345,105685.70175438597,8869.713234140649,57.0,3.0,14,7.0,7,11,0,0,1,0.0
902,828,207,2014,2014-04-06,Bahrain International Circuit,Bahrain,Caterham,20,21.0,1:37.875,\N,\N,23.592060232717316,2,,,,,0.0,14.0,0.0,0.0,0.2,,,,0.0,2.0,25.36725.819,105419.57575757576,5379.698737094293,33.0,0.0,21,0.0,11,20,0,0,0,0.0
903,1,131,2014,2014-04-20,Shanghai International Circuit,China,Mercedes,1,1.0,1:55.516,1:54.029,1:53.860,29.281314168377822,3,16.666666666666668,0.6666666666666666,0.6666666666666666,7.0,20.333333333333332,1.6666666666666667,1.0,0.6666666666666666,0.8333333333333334,,,,0.0,2.0,22.96823.999,103800.17857142857,3989.729323729038,56.0,75.0,2,154.0,1,1,1,1,1,25.0
903,3,131,2014,2014-04-20,Shanghai International Circuit,China,Mercedes,4,4.0,1:56.058,1:55.294,1:55.143,28.813141683778234,3,20.333333333333332,0.3333333333333333,1.0,1.6666666666666667,22.666666666666668,1.3333333333333333,1.0,1.0,0.8571428571428571,,,,0.0,2.0,23.27723.089,104133.85714285714,3853.7126865050327,56.0,79.0,1,154.0,1,2,0,1,1,18.0
903,4,6,2014,2014-04-20,Shanghai International Circuit,China,Ferrari,5,5.0,1:56.961,1:55.765,1:55.637,32.72553045859001,3,8.666666666666666,0.0,0.0,5.666666666666667,1.0,10.333333333333334,0.0,1.0,0.8333333333333334,,,,0.0,2.0,22.77622.947,104260.26785714286,3553.301115562422,56.0,41.0,3,52.0,4,3,0,1,1,15.0
903,8,6,2014,2014-04-20,Shanghai International Circuit,China,Ferrari,11,11.0,1:58.279,1:56.860,\N,34.507871321013006,3,2.3333333333333335,0.0,0.0,9.666666666666666,6.0,7.333333333333333,0.3333333333333333,0.6666666666666666,0.8571428571428571,,,,0.0,2.0,22.99423.291,105300.0,3917.466959888521,56.0,11.0,12,52.0,4,8,0,0,1,4.0
903,13,3,2014,2014-04-20,Shanghai International Circuit,China,Williams,6,6.0,1:56.850,1:56.757,1:56.147,32.98562628336756,3,4.0,0.0,0.0,11.333333333333334,4.666666666666667,7.666666666666667,0.0,0.6666666666666666,0.8333333333333334,,,,0.0,2.0,1:18.27723.830,106460.16363636364,10262.331591551185,55.0,12.0,11,36.0,6,15,0,0,0,0.0
903,16,15,2014,2014-04-20,Shanghai International Circuit,China,Sauber,14,14.0,1:58.138,1:57.393,\N,31.27173169062286,3,0.0,0.0,0.0,17.0,0.0,19.333333333333332,0.0,0.0,0.0,,,,0.0,,,120580.4,2412.261863894549,5.0,0.0,16,0.0,9,22,0,0,0,0.0
903,18,1,2014,2014-04-20,Shanghai International Circuit,China,McLaren,12,12.0,1:57.783,1:56.963,\N,34.25051334702259,3,7.666666666666667,0.0,0.3333333333333333,8.666666666666666,0.6666666666666666,14.666666666666666,0.0,0.6666666666666666,0.5,,,,0.0,2.0,22.40822.548,105998.29090909091,3581.2109046290925,55.0,23.0,8,43.0,5,11,0,0,0,0.0
903,20,9,2014,2014-04-20,Shanghai International Circuit,China,Red Bull,3,3.0,1:55.926,1:54.499,1:54.960,26.798083504449007,3,7.666666666666667,0.0,0.3333333333333333,9.0,6.666666666666667,8.666666666666666,0.0,0.6666666666666666,0.5,,,,0.0,2.0,22.57022.246,104711.10714285714,3429.227894431637,56.0,33.0,5,57.0,2,5,0,0,1,10.0
903,154,208,2014,2014-04-20,Shanghai International Circuit,China,Lotus F1,10,10.0,1:58.411,1:56.407,1:57.079,28.008213552361397,3,0.0,0.0,0.0,12.666666666666666,0.0,15.666666666666666,0.0,0.3333333333333333,0.3333333333333333,,,,0.0,1.0,23.213,107891.78571428571,7833.112107311771,28.0,0.0,15,0.0,8,21,0,0,0,0.0
903,155,207,2014,2014-04-20,Shanghai International Circuit,China,Caterham,18,18.0,1:59.260,\N,\N,27.600273785078713,3,0.0,0.0,0.0,16.333333333333332,0.0,16.333333333333332,0.0,0.3333333333333333,0.16666666666666666,,,,0.0,3.0,24.88325.40224.722,107412.90909090909,5024.252958189785,55.0,0.0,19,0.0,11,18,0,0,0,0.0
903,807,10,2014,2014-04-20,Shanghai International Circuit,China,Force India,8,8.0,1:55.913,1:56.847,1:56.366,26.6694045174538,3,9.333333333333334,0.0,0.0,5.333333333333333,8.333333333333334,10.0,0.3333333333333333,1.0,0.8333333333333334,,,,0.0,2.0,23.43822.764,104828.41071428571,3635.1054493985084,56.0,36.0,4,54.0,3,6,0,0,1,8.0
903,813,208,2014,2014-04-20,Shanghai International Circuit,China,Lotus F1,22,22.0,\N,\N,\N,29.114305270362767,3,0.0,0.0,0.0,17.0,0.0,15.666666666666666,0.0,0.3333333333333333,0.2857142857142857,,,,0.0,2.0,24.01023.022,106344.43636363637,4082.9634288854627,55.0,0.0,20,0.0,8,14,0,0,0,0.0
903,815,10,2014,2014-04-20,Shanghai International Circuit,China,Force India,16,16.0,1:58.362,1:58.264,\N,24.229979466119097,3,5.333333333333333,0.0,0.3333333333333333,11.666666666666666,11.0,4.666666666666667,0.3333333333333333,0.6666666666666666,0.8571428571428571,,,,0.0,2.0,22.91423.636,105344.625,4022.0438791625716,56.0,18.0,10,54.0,3,9,0,0,1,2.0
903,817,9,2014,2014-04-20,Shanghai International Circuit,China,Red Bull,2,2.0,1:56.641,1:55.302,1:54.455,24.802190280629706,3,4.0,0.0,0.0,14.0,10.0,5.0,0.0,0.3333333333333333,0.5714285714285714,,,,0.0,2.0,23.18622.498,104281.92857142857,3672.937565279534,56.0,24.0,6,57.0,2,4,0,0,1,12.0
903,818,5,2014,2014-04-20,Shanghai International Circuit,China,Toro Rosso,9,9.0,1:57.477,1:56.584,1:56.773,23.98631074606434,3,1.3333333333333333,0.0,0.0,16.0,0.3333333333333333,14.0,0.0,0.3333333333333333,0.5,,,,0.0,2.0,24.11924.417,106101.65454545454,3846.7052916324906,55.0,4.0,13,8.0,7,12,0,0,0,0.0
903,820,206,2014,2014-04-20,Shanghai International Circuit,China,Marussia,21,21.0,2:00.865,\N,\N,22.99794661190965,3,0.0,0.0,0.0,13.666666666666666,0.0,16.333333333333332,0.0,0.3333333333333333,0.16666666666666666,,,,0.0,3.0,23.78123.87823.886,107969.88888888889,4656.575487462888,54.0,0.0,18,0.0,10,19,0,0,0,0.0
903,821,15,2014,2014-04-20,Shanghai International Circuit,China,Sauber,17,17.0,1:58.988,\N,\N,22.70773442847365,3,0.0,0.0,0.0,16.0,0.0,21.0,0.0,0.0,0.0,,,,0.0,3.0,22.98823.25222.734,106636.52727272727,4554.328124024385,55.0,0.0,17,0.0,9,16,0,0,0,0.0
903,822,3,2014,2014-04-20,Shanghai International Circuit,China,Williams,7,7.0,1:56.501,1:56.253,1:56.282,24.643394934976044,3,6.0,0.0,0.0,7.0,3.3333333333333335,10.0,0.0,1.0,0.7142857142857143,,,,0.0,2.0,24.78023.639,104838.48214285714,3934.736729051646,56.0,24.0,7,36.0,6,7,0,0,1,6.0
903,824,206,2014,2014-04-20,Shanghai International Circuit,China,Marussia,19,19.0,1:59.326,\N,\N,24.711841204654345,3,0.0,0.0,0.0,16.666666666666668,0.0,16.0,0.0,0.0,0.14285714285714285,,,,0.0,2.0,24.78424.320,107418.81818181818,4543.194210354274,55.0,0.0,22,0.0,10,17,0,0,0,0.0
903,825,1,2014,2014-04-20,Shanghai International Circuit,China,McLaren,15,15.0,1:57.369,1:57.675,\N,21.53867214236824,3,6.666666666666667,0.0,0.3333333333333333,9.666666666666666,0.0,15.333333333333334,0.0,0.3333333333333333,0.42857142857142855,,,,0.0,2.0,23.67022.579,106198.14545454546,3782.325575122924,55.0,20.0,9,43.0,5,13,0,0,0,0.0
903,826,5,2014,2014-04-20,Shanghai International Circuit,China,Toro Rosso,13,13.0,1:57.261,1:57.289,\N,19.983572895277206,3,1.0,0.0,0.0,10.0,0.0,14.666666666666666,0.0,0.6666666666666666,0.42857142857142855,,,,0.0,2.0,23.52123.628,105802.47272727273,3864.22354260276,55.0,4.0,14,8.0,7,10,0,0,0,1.0
903,828,207,2014,2014-04-20,Shanghai International Circuit,China,Caterham,20,20.0,2:00.646,\N,\N,23.630390143737166,3,0.0,0.0,0.0,17.0,0.0,17.666666666666668,0.0,0.0,0.14285714285714285,,,,0.0,3.0,23.67723.73023.969,108325.01851851853,4986.367420904156,54.0,0.0,21,0.0,11,20,0,0,0,0.0
904,1,131,2014,2014-05-11,Circuit de Barcelona-Catalunya,Spain,Mercedes,1,1.0,1:27.238,1:26.210,1:25.232,29.338809034907598,4,25.0,1.0,1.0,1.0,20.333333333333332,1.6666666666666667,1.0,0.75,0.875,,,,0.0,2.0,22.95123.590,91896.28787878787,3506.181046556983,66.0,100.0,1,197.0,1,1,1,1,1,25.0
904,3,131,2014,2014-05-11,Circuit de Barcelona-Catalunya,Spain,Mercedes,2,2.0,1:26.764,1:26.088,1:25.400,28.870636550308006,4,18.0,0.0,1.0,2.0,22.666666666666668,1.3333333333333333,1.0,1.0,0.8888888888888888,,,,0.0,2.0,22.25422.309,91905.92424242424,3503.1339652927727,66.0,97.0,2,197.0,1,2,0,1,1,18.0
904,4,6,2014,2014-05-11,Circuit de Barcelona-Catalunya,Spain,Ferrari,7,7.0,1:28.329,1:27.602,1:27.140,32.78302532511978,4,9.666666666666666,0.0,0.3333333333333333,5.333333333333333,6.666666666666667,7.0,0.3333333333333333,1.0,0.875,,,,0.0,3.0,21.97022.01421.664,93225.72727272728,4239.678854113127,66.0,49.0,3,66.0,3,6,0,0,1,8.0
904,8,6,2014,2014-05-11,Circuit de Barcelona-Catalunya,Spain,Ferrari,6,6.0,1:28.308,1:27.335,1:27.104,34.56536618754278,4,1.6666666666666667,0.0,0.0,10.0,9.0,5.666666666666667,0.3333333333333333,0.75,0.8888888888888888,,,,0.0,2.0,22.05622.727,93360.72307692308,3706.750162320816,65.0,17.0,11,66.0,3,7,0,0,0,6.0
904,13,3,2014,2014-05-11,Circuit de Barcelona-Catalunya,Spain,Williams,9,9.0,1:28.061,1:27.016,1:27.402,33.04312114989733,4,4.0,0.0,0.0,9.666666666666666,3.3333333333333335,10.0,0.0,0.5,0.75,,,,0.0,3.0,22.89022.38122.304,93826.23076923077,4305.003058830327,65.0,12.0,12,46.0,5,13,0,0,0,0.0
904,16,15,2014,2014-05-11,Circuit de Barcelona-Catalunya,Spain,Sauber,16,17.0,1:28.563,\N,\N,31.329226557152634,4,0.0,0.0,0.0,20.666666666666668,0.0,19.0,0.0,0.0,0.0,,,,0.0,2.0,28.01323.378,94438.26153846153,4275.3519346252515,65.0,0.0,16,0.0,9,17,0,0,0,0.0
904,18,1,2014,2014-05-11,Circuit de Barcelona-Catalunya,Spain,McLaren,8,8.0,1:28.279,1:27.570,1:27.335,34.30800821355236,4,2.6666666666666665,0.0,0.0,11.333333333333334,0.0,14.0,0.0,0.5,0.375,,,,0.0,2.0,21.81024.408,93807.18461538461,3799.6570564505673,65.0,23.0,8,43.0,6,11,0,0,0,0.0
904,20,9,2014,2014-05-11,Circuit de Barcelona-Catalunya,Spain,Red Bull,15,10.0,1:27.958,1:27.052,\N,26.855578370978783,4,11.0,0.0,0.3333333333333333,4.666666666666667,11.333333333333334,4.333333333333333,0.0,0.75,0.625,,,,0.0,3.0,21.97421.59921.608,93058.43939393939,4250.065060601696,66.0,45.0,4,84.0,2,4,0,0,1,12.0
904,154,208,2014,2014-05-11,Circuit de Barcelona-Catalunya,Spain,Lotus F1,5,5.0,1:28.472,1:27.258,1:26.960,28.06570841889117,4,0.0,0.0,0.0,14.666666666666666,0.0,16.333333333333332,0.0,0.25,0.25,,,,0.0,2.0,22.12622.078,93561.21538461538,3611.1887131019107,65.0,4.0,13,4.0,8,8,0,0,0,4.0
904,155,207,2014,2014-05-11,Circuit de Barcelona-Catalunya,Spain,Caterham,20,21.0,1:30.375,\N,\N,27.65776865160849,4,0.0,0.0,0.0,15.333333333333334,0.0,19.333333333333332,0.0,0.25,0.125,,,,0.0,1.0,22.789,96934.67647058824,5972.061461863741,34.0,0.0,19,0.0,11,21,0,0,0,0.0
904,807,10,2014,2014-05-11,Circuit de Barcelona-Catalunya,Spain,Force India,10,11.0,1:28.155,1:27.685,\N,26.72689938398357,4,9.333333333333334,0.0,0.0,5.333333333333333,8.333333333333334,6.0,0.3333333333333333,1.0,0.875,,,,0.0,2.0,22.35522.724,93738.16923076923,3554.567227390483,65.0,37.0,6,57.0,4,10,0,0,0,1.0
904,813,208,2014,2014-05-11,Circuit de Barcelona-Catalunya,Spain,Lotus F1,22,22.0,\N,\N,\N,29.17180013689254,4,0.0,0.0,0.0,16.333333333333332,1.3333333333333333,14.333333333333334,0.0,0.25,0.2222222222222222,,,,0.0,2.0,27.85122.024,94077.24615384615,4119.012897644475,65.0,0.0,20,4.0,8,15,0,0,0,0.0
904,815,10,2014,2014-05-11,Circuit de Barcelona-Catalunya,Spain,Force India,11,12.0,1:28.469,1:28.002,\N,24.28747433264887,4,5.666666666666667,0.0,0.3333333333333333,11.333333333333334,3.6666666666666665,8.333333333333334,0.0,0.75,0.7777777777777778,,,,0.0,2.0,22.36722.282,93578.10769230769,3464.1821776713987,65.0,20.0,10,57.0,4,9,0,0,0,2.0
904,817,9,2014,2014-05-11,Circuit de Barcelona-Catalunya,Spain,Red Bull,3,3.0,1:28.053,1:26.613,1:26.285,24.859685147159478,4,8.0,0.0,0.0,8.0,11.333333333333334,4.333333333333333,0.0,0.5,0.6666666666666666,,,,0.0,2.0,21.96921.830,92638.92424242424,3374.42615206067,66.0,39.0,5,84.0,2,3,0,1,1,15.0
904,818,5,2014,2014-05-11,Circuit de Barcelona-Catalunya,Spain,Toro Rosso,21,16.0,1:28.194,\N,\N,24.043805612594113,4,0.0,0.0,0.0,17.333333333333332,0.3333333333333333,11.0,0.0,0.25,0.375,,,,0.0,1.0,22.976,95816.95833333333,4761.677102059248,24.0,4.0,14,8.0,7,22,0,0,0,0.0
904,820,206,2014,2014-05-11,Circuit de Barcelona-Catalunya,Spain,Marussia,17,18.0,1:29.586,\N,\N,23.055441478439427,4,0.0,0.0,0.0,15.666666666666666,0.0,17.333333333333332,0.0,0.25,0.125,,,,0.0,3.0,24.33723.23223.586,95781.0625,5122.259607643411,64.0,0.0,18,0.0,10,19,0,0,0,0.0
904,821,15,2014,2014-05-11,Circuit de Barcelona-Catalunya,Spain,Sauber,13,14.0,1:28.374,1:28.280,\N,22.765229295003422,4,0.0,0.0,0.0,17.333333333333332,0.0,18.333333333333332,0.0,0.0,0.0,,,,0.0,3.0,23.06324.78023.025,94390.2,4475.093582122051,65.0,0.0,17,0.0,9,16,0,0,0,0.0
904,822,3,2014,2014-05-11,Circuit de Barcelona-Catalunya,Spain,Williams,4,4.0,1:28.198,1:27.563,1:26.632,24.700889801505816,4,4.666666666666667,0.0,0.0,7.666666666666667,2.0,11.666666666666666,0.0,1.0,0.6666666666666666,,,,0.0,2.0,22.82422.701,93097.69696969698,3573.145104460372,66.0,34.0,7,46.0,5,5,0,0,1,10.0
904,824,206,2014,2014-05-11,Circuit de Barcelona-Catalunya,Spain,Marussia,18,19.0,1:30.177,\N,\N,24.76933607118412,4,0.0,0.0,0.0,17.666666666666668,0.0,18.333333333333332,0.0,0.0,0.1111111111111111,,,,0.0,2.0,22.92822.568,95145.265625,4144.563186596207,64.0,0.0,22,0.0,10,18,0,0,0,0.0
904,825,1,2014,2014-05-11,Circuit de Barcelona-Catalunya,Spain,McLaren,14,15.0,1:28.389,\N,\N,21.596167008898014,4,0.6666666666666666,0.0,0.0,13.333333333333334,0.0,11.666666666666666,0.0,0.25,0.3333333333333333,,,,0.0,2.0,21.89421.768,93817.2923076923,3604.4103788062366,65.0,20.0,9,43.0,6,12,0,0,0,0.0
904,826,5,2014,2014-05-11,Circuit de Barcelona-Catalunya,Spain,Toro Rosso,12,13.0,1:28.074,1:28.039,\N,20.041067761806982,4,0.6666666666666666,0.0,0.0,10.333333333333334,0.3333333333333333,14.666666666666666,0.0,0.5,0.3333333333333333,,,,0.0,3.0,22.70322.84122.984,93953.24615384615,4461.35441889137,65.0,4.0,15,8.0,7,14,0,0,0,0.0
904,828,207,2014,2014-05-11,Circuit de Barcelona-Catalunya,Spain,Caterham,19,20.0,1:30.312,\N,\N,23.68788501026694,4,0.0,0.0,0.0,18.0,0.0,19.666666666666668,0.0,0.0,0.1111111111111111,,,,0.0,2.0,23.09126.671,96106.96875,4439.499642794556,64.0,0.0,21,0.0,11,20,0,0,0,0.0
905,1,131,2014,2014-05-25,Circuit de Monaco,Monaco,Mercedes,2,2.0,1:17.823,1:16.354,1:16.048,29.377138945927445,5,25.0,1.0,1.0,1.0,20.333333333333332,1.6666666666666667,1.0,0.8,0.9,,,,0.0,1.0,27.509,84318.85897435897,11618.275160587576,78.0,118.0,2,240.0,1,2,0,1,1,18.0
905,3,131,2014,2014-05-25,Circuit de Monaco,Monaco,Mercedes,1,1.0,1:17.678,1:16.465,1:15.989,28.908966461327857,5,18.0,0.0,1.0,2.0,20.333333333333332,1.6666666666666667,1.0,1.0,0.9090909090909091,,,,0.0,1.0,24.672,84200.78205128205,11704.354761389153,78.0,122.0,1,240.0,1,1,1,1,1,25.0
905,4,6,2014,2014-05-25,Circuit de Monaco,Monaco,Ferrari,5,5.0,1:17.853,1:17.200,1:16.686,32.82135523613963,5,8.333333333333334,0.0,0.3333333333333333,6.0,6.0,7.0,0.0,1.0,0.8,,,,0.0,1.0,26.499,84616.83333333333,10951.232684475466,78.0,61.0,3,78.0,3,4,0,0,1,12.0
905,8,6,2014,2014-05-25,Circuit de Monaco,Monaco,Ferrari,6,6.0,1:17.902,1:17.398,1:17.389,34.60369609856263,5,3.6666666666666665,0.0,0.0,8.333333333333334,8.666666666666666,5.666666666666667,0.0,0.6,0.8181818181818182,,,,0.0,3.0,25.28225.68431.896,86065.12987012987,12793.114489886064,77.0,17.0,12,78.0,3,12,0,0,0,0.0
905,13,3,2014,2014-05-25,Circuit de Monaco,Monaco,Williams,16,16.0,1:18.209,\N,\N,33.08145106091718,5,2.0,0.0,0.0,11.666666666666666,5.333333333333333,8.333333333333334,0.0,0.4,0.7,,,,0.0,1.0,24.264,85577.68831168831,10205.81730817713,77.0,18.0,11,52.0,6,7,0,0,0,6.0
905,16,15,2014,2014-05-25,Circuit de Monaco,Monaco,Sauber,18,18.0,1:18.745,\N,\N,31.367556468172484,5,0.0,0.0,0.0,20.333333333333332,0.0,16.333333333333332,0.0,0.0,0.0,,,,0.0,1.0,33.207,88144.52173913043,14067.609165188871,23.0,0.0,18,0.0,10,18,0,0,0,0.0
905,18,1,2014,2014-05-25,Circuit de Monaco,Monaco,McLaren,12,12.0,1:17.890,1:17.988,\N,34.34633812457221,5,0.0,0.0,0.0,13.0,0.0,12.0,0.0,0.4,0.3,,,,0.0,1.0,25.992,85568.46753246753,9639.298780983168,77.0,31.0,8,52.0,5,6,0,0,0,8.0
905,20,9,2014,2014-05-25,Circuit de Monaco,Monaco,Red Bull,4,4.0,1:18.383,1:17.074,1:16.547,26.89390828199863,5,10.0,0.0,0.0,5.0,13.0,3.6666666666666665,0.3333333333333333,0.8,0.7,,,,0.0,1.0,1:06.065,120442.4,25473.509972125943,5.0,45.0,6,99.0,2,20,0,0,0,0.0
905,154,208,2014,2014-05-25,Circuit de Monaco,Monaco,Lotus F1,14,14.0,1:18.335,1:18.196,\N,28.10403832991102,5,1.3333333333333333,0.0,0.0,13.666666666666666,1.3333333333333333,12.333333333333334,0.0,0.2,0.2,,,,0.0,2.0,26.31225.029,85799.92207792208,8994.601659893791,77.0,8.0,13,8.0,7,8,0,0,0,4.0
905,155,207,2014,2014-05-25,Circuit de Monaco,Monaco,Caterham,20,21.0,1:20.133,\N,\N,27.696098562628336,5,0.0,0.0,0.0,18.0,0.0,20.333333333333332,0.0,0.2,0.1,,,,0.0,2.0,25.42125.116,87817.10666666667,8924.5992469241,75.0,0.0,21,0.0,11,13,0,0,0,0.0
905,807,10,2014,2014-05-25,Circuit de Monaco,Monaco,Force India,11,11.0,1:18.432,1:17.846,\N,26.765229295003422,5,6.333333333333333,0.0,0.0,7.0,1.6666666666666667,9.333333333333334,0.0,0.8,0.7,,,,0.0,1.0,25.714,85565.97402597402,10026.15822811041,77.0,47.0,5,67.0,4,5,0,0,0,10.0
905,813,208,2014,2014-05-25,Circuit de Monaco,Monaco,Lotus F1,15,15.0,1:18.585,1:18.356,\N,29.21013004791239,5,0.0,0.0,0.0,14.333333333333334,2.6666666666666665,10.333333333333334,0.0,0.2,0.18181818181818182,,,,0.0,,,,,,0.0,22,8.0,7,22,0,0,0,0.0
905,815,10,2014,2014-05-25,Circuit de Monaco,Monaco,Force India,10,10.0,1:18.108,1:17.755,1:18.327,24.32580424366872,5,6.333333333333333,0.0,0.3333333333333333,7.0,4.333333333333333,8.0,0.0,0.6,0.6363636363636364,,,,0.0,,,,,,20.0,10,67.0,4,21,0,0,0,0.0
905,817,9,2014,2014-05-25,Circuit de Monaco,Monaco,Red Bull,3,3.0,1:17.900,1:17.233,1:16.384,24.89801505817933,5,13.0,0.0,0.3333333333333333,3.6666666666666665,9.0,9.0,0.3333333333333333,0.6,0.6363636363636364,,,,0.0,1.0,26.584,84324.03846153847,11089.073647025296,78.0,54.0,4,99.0,2,3,0,1,1,15.0
905,818,5,2014,2014-05-25,Circuit de Monaco,Monaco,Toro Rosso,7,7.0,1:17.557,1:17.657,1:17.540,24.082135523613964,5,0.0,0.0,0.0,18.333333333333332,0.3333333333333333,15.333333333333334,0.0,0.2,0.3,,,,0.0,2.0,25.44419.385,87542.26,12285.625665477728,50.0,4.0,14,8.0,8,17,0,0,0,0.0
905,820,206,2014,2014-05-25,Circuit de Monaco,Monaco,Marussia,19,20.0,1:19.928,\N,\N,23.093771389459274,5,0.0,0.0,0.0,17.0,0.0,18.0,0.0,0.2,0.1,,,,0.0,3.0,33.07437.35226.137,88477.76,12019.803575586235,75.0,0.0,20,2.0,9,14,0,0,0,0.0
905,821,15,2014,2014-05-25,Circuit de Monaco,Monaco,Sauber,17,17.0,1:18.741,\N,\N,22.803559206023273,5,0.0,0.0,0.0,17.0,0.0,17.0,0.0,0.0,0.0,,,,0.0,1.0,25.906,86555.27118644067,10658.3617778371,59.0,0.0,19,0.0,10,15,0,0,0,0.0
905,822,3,2014,2014-05-25,Circuit de Monaco,Monaco,Williams,13,13.0,1:18.407,1:18.082,\N,24.739219712525667,5,6.666666666666667,0.0,0.0,6.666666666666667,5.333333333333333,8.333333333333334,0.0,1.0,0.6363636363636364,,,,0.0,1.0,25.595,86878.67272727273,11521.160297236249,55.0,34.0,7,52.0,6,16,0,0,0,0.0
905,824,206,2014,2014-05-25,Circuit de Monaco,Monaco,Marussia,21,19.0,1:19.332,\N,\N,24.80766598220397,5,0.0,0.0,0.0,17.0,0.0,17.0,0.0,0.0,0.09090909090909091,,,,0.0,1.0,32.658,85780.97402597402,9313.498108961645,77.0,2.0,16,2.0,9,9,0,0,0,2.0
905,825,1,2014,2014-05-25,Circuit de Monaco,Monaco,McLaren,8,8.0,1:17.978,1:17.609,1:17.555,21.634496919917865,5,0.0,0.0,0.0,14.333333333333334,2.6666666666666665,9.666666666666666,0.0,0.2,0.2727272727272727,,,,0.0,1.0,28.943,85919.25974025975,11142.335696511414,77.0,21.0,9,52.0,5,10,0,0,0,1.0
905,826,5,2014,2014-05-25,Circuit de Monaco,Monaco,Toro Rosso,9,9.0,1:18.616,1:17.594,1:18.090,20.079397672826833,5,0.3333333333333333,0.0,0.0,11.666666666666666,0.0,17.666666666666668,0.0,0.4,0.2727272727272727,,,,0.0,,,94114.4,15622.629144218261,10.0,4.0,15,8.0,8,19,0,0,0,0.0
905,828,207,2014,2014-05-25,Circuit de Monaco,Monaco,Caterham,22,22.0,1:21.732,\N,\N,23.72621492128679,5,0.0,0.0,0.0,20.0,0.0,18.0,0.0,0.0,0.09090909090909091,,,,0.0,2.0,28.09125.585,86057.20779220779,9312.00123261665,77.0,0.0,17,0.0,11,11,0,0,0,0.0
906,1,131,2014,2014-06-08,Circuit Gilles Villeneuve,Canada,Mercedes,2,2.0,1:15.750,1:15.054,1:14.953,29.415468856947296,6,22.666666666666668,0.6666666666666666,1.0,1.3333333333333333,20.333333333333332,1.6666666666666667,1.0,0.8333333333333334,0.9166666666666666,,,,0.0,2.0,24.41723.554,87211.60869565218,15140.303269351065,46.0,118.0,2,258.0,1,17,0,0,0,0.0
906,3,131,2014,2014-06-08,Circuit Gilles Villeneuve,Canada,Mercedes,1,1.0,1:16.471,1:15.289,1:14.874,28.947296372347708,6,20.333333333333332,0.3333333333333333,1.0,1.6666666666666667,14.333333333333334,6.666666666666667,0.6666666666666666,1.0,0.8461538461538461,,,,0.0,2.0,23.88225.102,85100.94285714286,12914.022608727164,70.0,140.0,1,258.0,1,2,0,1,1,18.0
906,4,6,2014,2014-06-08,Circuit Gilles Villeneuve,Canada,Ferrari,7,7.0,1:17.010,1:16.131,1:15.814,32.85968514715948,6,11.666666666666666,0.0,0.3333333333333333,4.333333333333333,6.0,7.666666666666667,0.0,1.0,0.75,,,,0.0,2.0,23.93223.790,85252.84285714285,12803.695574569587,70.0,69.0,4,87.0,3,6,0,0,1,8.0
906,8,6,2014,2014-06-08,Circuit Gilles Villeneuve,Canada,Ferrari,10,10.0,1:17.013,1:16.245,1:16.214,34.64202600958248,6,3.3333333333333335,0.0,0.0,9.0,6.666666666666667,7.333333333333333,0.0,0.5,0.7692307692307693,,,,0.0,2.0,23.92524.221,85807.25714285714,13414.660827666314,70.0,18.0,12,87.0,3,10,0,0,1,1.0
906,13,3,2014,2014-06-08,Circuit Gilles Villeneuve,Canada,Williams,5,5.0,1:16.666,1:15.773,1:15.578,33.11978097193703,6,2.0,0.0,0.0,11.666666666666666,5.333333333333333,9.333333333333334,0.0,0.3333333333333333,0.5833333333333334,,,,0.0,2.0,27.94924.012,84924.85507246378,12846.686985682298,69.0,18.0,11,58.0,6,12,0,0,0,0.0
906,16,15,2014,2014-06-08,Circuit Gilles Villeneuve,Canada,Sauber,16,16.0,1:17.519,1:17.314,\N,31.405886379192335,6,0.0,0.0,0.0,19.0,0.0,16.333333333333332,0.0,0.0,0.0,,,,0.0,2.0,23.70324.068,86512.39130434782,12738.049946815667,69.0,0.0,17,0.0,10,13,0,0,0,0.0
906,18,1,2014,2014-06-08,Circuit Gilles Villeneuve,Canada,McLaren,9,9.0,1:16.631,1:16.214,1:16.182,34.38466803559206,6,2.6666666666666665,0.0,0.0,9.333333333333334,3.0,9.333333333333334,0.0,0.3333333333333333,0.25,,,,0.0,2.0,23.49325.050,85208.35714285714,12908.416301829016,70.0,43.0,7,66.0,5,4,0,0,1,12.0
906,20,9,2014,2014-06-08,Circuit Gilles Villeneuve,Canada,Red Bull,3,3.0,1:17.470,1:16.109,1:15.548,26.93223819301848,6,7.333333333333333,0.0,0.0,9.666666666666666,10.0,8.666666666666666,0.6666666666666666,0.6666666666666666,0.6666666666666666,,,,0.0,2.0,23.90423.340,85115.38571428572,12775.901367325081,70.0,60.0,5,139.0,2,3,0,1,1,15.0
906,154,208,2014,2014-06-08,Circuit Gilles Villeneuve,Canada,Lotus F1,14,14.0,1:17.732,1:16.687,\N,28.142368240930868,6,2.6666666666666665,0.0,0.0,12.333333333333334,1.3333333333333333,15.0,0.0,0.16666666666666666,0.16666666666666666,,,,0.0,2.0,23.94323.856,86658.2372881356,13638.927072953516,59.0,8.0,13,8.0,8,15,0,0,0,0.0
906,155,207,2014,2014-06-08,Circuit Gilles Villeneuve,Canada,Caterham,21,20.0,1:19.278,\N,\N,27.734428473648187,6,0.0,0.0,0.0,17.333333333333332,0.0,14.666666666666666,0.0,0.16666666666666666,0.08333333333333333,,,,0.0,,,95691.47826086957,18457.58909911526,23.0,0.0,21,0.0,11,18,0,0,0,0.0
906,807,10,2014,2014-06-08,Circuit Gilles Villeneuve,Canada,Force India,11,11.0,1:16.897,1:16.300,\N,26.803559206023273,6,6.333333333333333,0.0,0.0,7.0,4.0,11.666666666666666,0.0,0.6666666666666666,0.5833333333333334,,,,0.0,1.0,23.902,85223.9,12740.869095501126,70.0,57.0,6,77.0,4,5,0,0,1,10.0
906,813,208,2014,2014-06-08,Circuit Gilles Villeneuve,Canada,Lotus F1,17,17.0,1:18.328,\N,\N,29.248459958932237,6,0.0,0.0,0.0,17.0,1.3333333333333333,15.0,0.0,0.16666666666666666,0.15384615384615385,,,,0.0,,,95551.61904761905,19678.507782543344,21.0,0.0,22,8.0,8,19,0,0,0,0.0
906,815,10,2014,2014-06-08,Circuit Gilles Villeneuve,Canada,Force India,13,13.0,1:18.235,1:16.472,\N,24.36413415468857,6,1.3333333333333333,0.0,0.0,13.0,6.666666666666667,10.333333333333334,0.0,0.5,0.6153846153846154,,,,0.0,1.0,23.907,84922.68115942029,12684.986479499343,69.0,20.0,10,77.0,4,11,0,0,0,0.0
906,817,9,2014,2014-06-08,Circuit Gilles Villeneuve,Canada,Red Bull,6,6.0,1:17.113,1:15.897,1:15.589,24.93634496919918,6,14.0,0.0,0.6666666666666666,3.3333333333333335,10.0,8.666666666666666,0.6666666666666666,0.6666666666666666,0.6923076923076923,,,,0.0,2.0,23.60623.274,85040.42857142857,12736.384192792639,70.0,79.0,3,139.0,2,1,1,1,1,25.0
906,818,5,2014,2014-06-08,Circuit Gilles Villeneuve,Canada,Toro Rosso,8,8.0,1:17.178,1:16.255,1:16.162,24.12046543463381,6,0.0,0.0,0.0,17.0,0.0,16.666666666666668,0.0,0.16666666666666666,0.25,,,,0.0,2.0,24.43323.975,85440.8,12796.758840776276,70.0,8.0,14,12.0,7,8,0,0,1,4.0
906,820,206,2014,2014-06-08,Circuit Gilles Villeneuve,Canada,Marussia,18,18.0,1:18.348,\N,\N,23.132101300479125,6,0.0,0.0,0.0,17.333333333333332,0.6666666666666666,13.666666666666666,0.0,0.16666666666666666,0.08333333333333333,,,,0.0,,,,,,0.0,20,2.0,9,21,0,0,0,0.0
906,821,15,2014,2014-06-08,Circuit Gilles Villeneuve,Canada,Sauber,22,22.0,\N,\N,\N,22.84188911704312,6,0.0,0.0,0.0,15.666666666666666,0.0,15.333333333333334,0.0,0.0,0.0,,,,0.0,3.0,24.37024.76824.403,86481.125,13643.617230301663,64.0,0.0,19,0.0,10,14,0,0,0,0.0
906,822,3,2014,2014-06-08,Circuit Gilles Villeneuve,Canada,Williams,4,4.0,1:16.772,1:15.806,1:15.550,24.777549623545518,6,5.333333333333333,0.0,0.0,9.333333333333334,2.0,11.666666666666666,0.0,0.8333333333333334,0.5384615384615384,,,,0.0,2.0,23.44824.491,85377.25714285714,12769.629115953456,70.0,40.0,8,58.0,6,7,0,0,1,6.0
906,824,206,2014,2014-06-08,Circuit Gilles Villeneuve,Canada,Marussia,19,19.0,1:18.359,\N,\N,24.84599589322382,6,0.6666666666666666,0.0,0.0,14.666666666666666,0.6666666666666666,14.666666666666666,0.0,0.0,0.07692307692307693,,,,0.0,,,,,,2.0,16,2.0,9,22,0,0,0,0.0
906,825,1,2014,2014-06-08,Circuit Gilles Villeneuve,Canada,McLaren,12,12.0,1:16.446,1:16.310,\N,21.672826830937716,6,0.3333333333333333,0.0,0.0,11.666666666666666,7.0,6.666666666666667,0.0,0.16666666666666666,0.3076923076923077,,,,0.0,2.0,23.47923.907,85458.34285714285,12974.085739631004,70.0,23.0,9,66.0,5,9,0,0,1,2.0
906,826,5,2014,2014-06-08,Circuit Gilles Villeneuve,Canada,Toro Rosso,15,15.0,1:16.938,1:16.713,\N,20.11772758384668,6,0.3333333333333333,0.0,0.0,14.333333333333334,1.3333333333333333,14.666666666666666,0.0,0.3333333333333333,0.3076923076923077,,,,0.0,2.0,25.23525.698,88433.14893617021,15018.5556591182,47.0,4.0,15,12.0,7,16,0,0,0,0.0
906,828,207,2014,2014-06-08,Circuit Gilles Villeneuve,Canada,Caterham,20,21.0,1:19.820,\N,\N,23.76454483230664,6,0.0,0.0,0.0,17.0,0.0,14.0,0.0,0.0,0.07692307692307693,,,,0.0,,,122897.85714285714,8302.246531884637,7.0,0.0,18,0.0,11,20,0,0,0,0.0
907,1,131,2014,2014-06-22,Red Bull Ring,Austria,Mercedes,9,9.0,1:09.514,1:09.092,\N,29.453798767967147,7,14.333333333333334,0.3333333333333333,0.6666666666666666,6.666666666666667,14.333333333333334,6.666666666666667,0.6666666666666666,0.7142857142857143,0.8571428571428571,,,,0.0,2.0,22.22622.555,74322.64788732394,3130.795152757711,71.0,136.0,2,301.0,1,2,0,1,1,18.0
907,3,131,2014,2014-06-22,Red Bull Ring,Austria,Mercedes,3,3.0,1:09.695,1:08.974,1:08.944,28.985626283367555,7,20.333333333333332,0.3333333333333333,1.0,1.6666666666666667,12.0,7.0,0.6666666666666666,1.0,0.8666666666666667,,,,0.0,2.0,21.47421.664,74295.43661971831,2996.7490420329777,71.0,165.0,1,301.0,1,1,1,1,1,25.0
907,4,6,2014,2014-06-22,Red Bull Ring,Austria,Ferrari,4,4.0,1:10.405,1:09.479,1:09.285,32.89801505817933,7,9.333333333333334,0.0,0.0,5.333333333333333,3.0,9.333333333333334,0.0,1.0,0.7857142857142857,,,,0.0,2.0,21.23421.276,74556.74647887323,3105.7602874948725,71.0,79.0,4,98.0,3,5,0,0,1,10.0
907,8,6,2014,2014-06-22,Red Bull Ring,Austria,Ferrari,8,8.0,1:10.285,1:09.657,1:10.795,34.680355920602324,7,2.3333333333333335,0.0,0.0,9.666666666666666,6.333333333333333,7.0,0.0,0.5714285714285714,0.8,,,,0.0,2.0,21.91421.618,74968.35211267606,3305.777397650506,71.0,19.0,12,98.0,3,10,0,0,1,1.0
907,13,3,2014,2014-06-22,Red Bull Ring,Austria,Williams,1,1.0,1:10.292,1:09.239,1:08.759,33.158110882956876,7,2.0,0.0,0.0,10.666666666666666,2.0,11.666666666666666,0.0,0.2857142857142857,0.5714285714285714,,,,0.0,2.0,21.89622.096,74539.91549295775,3167.93420181705,71.0,30.0,9,85.0,5,4,0,0,1,12.0
907,16,15,2014,2014-06-22,Red Bull Ring,Austria,Sauber,16,17.0,1:10.825,\N,\N,31.444216290212182,7,0.0,0.0,0.0,16.0,0.0,14.0,0.0,0.0,0.0,,,,0.0,2.0,22.96022.449,75925.0142857143,3538.363830076821,70.0,0.0,17,0.0,10,13,0,0,0,0.0
907,18,1,2014,2014-06-22,Red Bull Ring,Austria,McLaren,11,12.0,1:10.252,1:09.780,\N,34.42299794661191,7,6.666666666666667,0.0,0.0,7.0,5.0,7.666666666666667,0.0,0.42857142857142855,0.35714285714285715,,,,0.0,2.0,21.50521.242,75013.26760563381,3076.893108119416,71.0,43.0,8,72.0,6,11,0,0,1,0.0
907,20,9,2014,2014-06-22,Red Bull Ring,Austria,Red Bull,12,13.0,1:10.630,1:09.801,\N,26.97056810403833,7,9.0,0.0,0.3333333333333333,9.0,18.333333333333332,2.3333333333333335,1.0,0.7142857142857143,0.7142857142857143,,,,0.0,2.0,21.38129.844,79473.76470588235,15005.708481570207,34.0,60.0,5,143.0,2,21,0,0,0,0.0
907,154,208,2014,2014-06-22,Red Bull Ring,Austria,Lotus F1,22,16.0,1:10.461,1:10.642,\N,28.18069815195072,7,2.6666666666666665,0.0,0.0,10.333333333333334,0.0,18.666666666666668,0.0,0.14285714285714285,0.14285714285714285,,,,0.0,2.0,21.88424.212,76422.11428571428,3543.0399889870096,70.0,8.0,13,8.0,8,14,0,0,0,0.0
907,155,207,2014,2014-06-22,Red Bull Ring,Austria,Caterham,19,20.0,1:11.673,\N,\N,27.772758384668034,7,0.0,0.0,0.0,17.333333333333332,0.0,16.333333333333332,0.0,0.14285714285714285,0.07142857142857142,,,,0.0,1.0,22.480,76980.36231884058,2660.932813944004,69.0,0.0,22,0.0,11,16,0,0,0,0.0
907,807,10,2014,2014-06-22,Red Bull Ring,Austria,Force India,10,10.0,1:10.389,1:09.624,\N,26.84188911704312,7,7.0,0.0,0.0,6.666666666666667,3.3333333333333335,12.333333333333334,0.0,0.7142857142857143,0.5714285714285714,,,,0.0,2.0,21.92022.246,74917.08450704225,3102.406903157059,71.0,59.0,6,87.0,4,9,0,0,1,2.0
907,813,208,2014,2014-06-22,Red Bull Ring,Austria,Lotus F1,13,14.0,1:10.821,1:09.939,\N,29.286789869952088,7,0.0,0.0,0.0,18.666666666666668,0.0,16.0,0.0,0.14285714285714285,0.13333333333333333,,,,0.0,2.0,23.34322.612,75548.75714285714,3427.4191897817877,70.0,0.0,19,8.0,8,12,0,0,0,0.0
907,815,10,2014,2014-06-22,Red Bull Ring,Austria,Force India,15,11.0,1:10.124,1:09.754,\N,24.40246406570842,7,0.6666666666666666,0.0,0.0,13.666666666666666,4.0,8.333333333333334,0.0,0.42857142857142855,0.6,,,,0.0,2.0,23.77021.960,74697.49295774648,3352.572853680498,71.0,28.0,11,87.0,4,6,0,0,1,8.0
907,817,9,2014,2014-06-22,Red Bull Ring,Austria,Red Bull,5,5.0,1:10.395,1:09.638,1:09.466,24.974674880219027,7,18.333333333333332,0.3333333333333333,1.0,2.3333333333333335,13.333333333333334,8.333333333333334,0.6666666666666666,0.7142857142857143,0.6666666666666666,,,,0.0,2.0,21.46721.398,74908.42253521127,3233.680334329258,71.0,83.0,3,143.0,2,8,0,0,1,4.0
907,818,5,2014,2014-06-22,Red Bull Ring,Austria,Toro Rosso,14,15.0,1:10.161,1:10.073,\N,24.15879534565366,7,1.3333333333333333,0.0,0.0,15.666666666666666,1.3333333333333333,14.333333333333334,0.0,0.2857142857142857,0.2857142857142857,,,,0.0,2.0,22.23222.374,76169.18644067796,3845.394331936431,59.0,8.0,14,12.0,7,20,0,0,0,0.0
907,820,206,2014,2014-06-22,Red Bull Ring,Austria,Marussia,21,21.0,1:11.775,\N,\N,23.170431211498972,7,0.0,0.0,0.0,18.0,0.6666666666666666,17.333333333333332,0.0,0.14285714285714285,0.07142857142857142,,,,0.0,1.0,22.977,77010.95652173914,2774.5756985357925,69.0,0.0,21,2.0,9,17,0,0,0,0.0
907,821,15,2014,2014-06-22,Red Bull Ring,Austria,Sauber,17,18.0,1:11.349,\N,\N,22.88021902806297,7,0.0,0.0,0.0,15.0,0.0,13.333333333333334,0.0,0.0,0.0,,,,0.0,3.0,55.22229.06722.530,77122.9420289855,7201.470203008914,69.0,0.0,20,0.0,10,19,0,0,0,0.0
907,822,3,2014,2014-06-22,Red Bull Ring,Austria,Williams,2,2.0,1:10.356,1:09.096,1:08.846,24.815879534565365,7,5.333333333333333,0.0,0.0,9.333333333333334,6.0,7.666666666666667,0.0,0.8571428571428571,0.6,,,,0.0,2.0,21.13322.208,74410.5352112676,2921.5863979840224,71.0,55.0,7,85.0,5,3,0,1,1,15.0
907,824,206,2014,2014-06-22,Red Bull Ring,Austria,Marussia,18,19.0,1:11.412,\N,\N,24.88432580424367,7,0.6666666666666666,0.0,0.0,16.333333333333332,0.0,20.0,0.0,0.0,0.06666666666666667,,,,0.0,1.0,24.452,76516.92753623189,2828.902563762138,69.0,2.0,16,2.0,9,15,0,0,0,0.0
907,825,1,2014,2014-06-22,Red Bull Ring,Austria,McLaren,6,6.0,1:10.081,1:09.473,1:09.515,21.711156741957563,7,1.0,0.0,0.0,10.333333333333334,4.666666666666667,8.0,0.0,0.2857142857142857,0.4,,,,0.0,2.0,21.67021.882,74746.57746478873,3190.6622002425097,71.0,29.0,10,72.0,6,7,0,0,1,6.0
907,826,5,2014,2014-06-22,Red Bull Ring,Austria,Toro Rosso,7,7.0,1:09.678,1:09.490,1:09.619,20.15605749486653,7,0.0,0.0,0.0,16.333333333333332,1.3333333333333333,14.666666666666666,0.0,0.2857142857142857,0.26666666666666666,,,,0.0,1.0,21.906,76347.79166666667,3897.8243204345454,24.0,4.0,15,12.0,7,22,0,0,0,0.0
907,828,207,2014,2014-06-22,Red Bull Ring,Austria,Caterham,20,22.0,1:12.673,\N,\N,23.802874743326488,7,0.0,0.0,0.0,17.0,0.0,18.0,0.0,0.0,0.06666666666666667,,,,0.0,2.0,23.17725.178,77118.71014492754,3949.5738567651338,69.0,0.0,18,0.0,11,18,0,0,0,0.0
908,1,131,2014,2014-07-06,Silverstone Circuit,UK,Mercedes,6,6.0,1:41.058,1:34.870,1:39.232,29.492128678986994,8,12.0,0.0,0.6666666666666666,7.0,20.333333333333332,1.6666666666666667,1.0,0.75,0.875,,,,0.0,2.0,29.67929.291,169463.34615384616,499033.36252803245,52.0,161.0,2,326.0,1,1,1,1,1,25.0
908,3,131,2014,2014-07-06,Silverstone Circuit,UK,Mercedes,1,1.0,1:40.380,1:35.179,1:35.766,29.023956194387406,8,22.666666666666668,0.6666666666666666,1.0,1.3333333333333333,22.666666666666668,1.3333333333333333,1.0,1.0,0.8823529411764706,,,,0.0,1.0,28.329,229456.7142857143,680256.1461163732,28.0,165.0,1,326.0,1,18,0,0,0,0.0
908,4,6,2014,2014-07-06,Silverstone Circuit,UK,Ferrari,16,19.0,1:45.935,\N,\N,32.936344969199176,8,10.0,0.0,0.0,5.0,4.0,8.333333333333334,0.0,1.0,0.8125,,,,0.0,1.0,34.410,170616.15384615384,496262.33628139267,52.0,87.0,4,106.0,3,6,0,0,1,8.0
908,8,6,2014,2014-07-06,Silverstone Circuit,UK,Ferrari,18,20.0,1:46.684,\N,\N,34.718685831622174,8,0.6666666666666666,0.0,0.0,10.666666666666666,6.333333333333333,7.0,0.0,0.625,0.8235294117647058,,,,0.0,,,,,,19.0,12,106.0,3,22,0,0,0,0.0
908,13,3,2014,2014-07-06,Silverstone Circuit,UK,Williams,15,18.0,1:45.695,\N,\N,33.19644079397673,8,6.0,0.0,0.0,7.666666666666667,11.0,4.666666666666667,0.3333333333333333,0.375,0.625,,,,0.0,,,,,,30.0,10,103.0,4,21,0,0,0,0.0
908,16,15,2014,2014-07-06,Silverstone Circuit,UK,Sauber,13,16.0,1:42.603,\N,\N,31.482546201232033,8,0.0,0.0,0.0,14.666666666666666,0.0,15.333333333333334,0.0,0.0,0.0,,,,0.0,1.0,29.956,173423.33333333334,501498.5040036578,51.0,0.0,17,0.0,10,13,0,0,0,0.0
908,18,1,2014,2014-07-06,Silverstone Circuit,UK,McLaren,3,3.0,1:44.425,1:36.579,1:38.200,34.46132785763176,8,6.666666666666667,0.0,0.0,7.0,2.6666666666666665,9.0,0.0,0.5,0.4375,,,,0.0,1.0,28.645,170374.6923076923,499187.4454281477,52.0,55.0,8,90.0,6,4,0,0,1,12.0
908,20,9,2014,2014-07-06,Silverstone Circuit,UK,Red Bull,2,2.0,1:45.086,1:36.410,1:37.386,27.00889801505818,8,5.0,0.0,0.3333333333333333,14.666666666666666,9.666666666666666,10.0,0.3333333333333333,0.625,0.6875,,,,0.0,2.0,28.55828.787,170499.1923076923,498389.4934412925,52.0,70.0,6,168.0,2,5,0,0,1,10.0
908,154,208,2014,2014-07-06,Silverstone Circuit,UK,Lotus F1,11,11.0,1:43.121,1:38.496,\N,28.21902806297057,8,1.3333333333333333,0.0,0.0,12.333333333333334,0.0,15.0,0.0,0.125,0.125,,,,0.0,1.0,29.710,173055.29411764705,499658.9593146226,51.0,8.0,14,8.0,8,12,0,0,0,0.0
908,155,207,2014,2014-07-06,Silverstone Circuit,UK,Caterham,22,22.0,1:49.625,\N,\N,27.811088295687885,8,0.0,0.0,0.0,15.666666666666666,0.0,18.0,0.0,0.125,0.0625,,,,0.0,2.0,29.50729.540,177525.9,508187.0446471797,50.0,0.0,22,0.0,11,15,0,0,0,0.0
908,807,10,2014,2014-07-06,Silverstone Circuit,UK,Force India,4,4.0,1:41.271,1:37.112,1:38.329,26.88021902806297,8,7.333333333333333,0.0,0.0,6.333333333333333,3.3333333333333335,8.666666666666666,0.0,0.75,0.625,,,,0.0,1.0,29.579,171168.96153846153,498157.29537558707,52.0,63.0,7,91.0,5,8,0,0,1,4.0
908,813,208,2014,2014-07-06,Silverstone Circuit,UK,Lotus F1,20,15.0,1:43.892,1:44.018,\N,29.32511978097194,8,0.0,0.0,0.0,17.666666666666668,0.0,12.666666666666666,0.0,0.125,0.11764705882352941,,,,0.0,1.0,28.831,176703.85714285713,510629.5103661671,49.0,0.0,19,8.0,8,17,0,0,0,0.0
908,815,10,2014,2014-07-06,Silverstone Circuit,UK,Force India,7,7.0,1:42.146,1:37.350,1:40.457,24.44079397672827,8,2.6666666666666665,0.0,0.0,12.666666666666666,4.666666666666667,7.666666666666667,0.0,0.5,0.6470588235294118,,,,0.0,1.0,29.599,173001.0,504180.39924043044,51.0,28.0,11,91.0,5,11,0,0,0,0.0
908,817,9,2014,2014-07-06,Silverstone Circuit,UK,Red Bull,8,8.0,1:44.710,1:38.166,1:40.606,25.013004791238878,8,14.666666666666666,0.3333333333333333,0.6666666666666666,4.0,4.666666666666667,11.333333333333334,0.0,0.75,0.7058823529411765,,,,0.0,1.0,28.483,170357.48076923078,498006.07564470416,52.0,98.0,3,168.0,2,3,0,1,1,15.0
908,818,5,2014,2014-07-06,Silverstone Circuit,UK,Toro Rosso,10,10.0,1:43.040,1:37.800,1:40.855,24.197125256673512,8,1.3333333333333333,0.0,0.0,15.0,0.0,19.333333333333332,0.0,0.25,0.25,,,,0.0,1.0,30.218,172847.11764705883,499246.1836714485,51.0,9.0,13,15.0,7,10,0,0,0,1.0
908,820,206,2014,2014-07-06,Silverstone Circuit,UK,Marussia,17,13.0,1:42.082,1:39.800,\N,23.208761122518823,8,0.0,0.0,0.0,17.333333333333332,0.0,18.0,0.0,0.125,0.0625,,,,0.0,2.0,23.15429.737,178151.08,523220.0425988052,50.0,0.0,21,2.0,9,16,0,0,0,0.0
908,821,15,2014,2014-07-06,Silverstone Circuit,UK,Sauber,19,14.0,1:43.285,1:40.912,\N,22.91854893908282,8,0.0,0.0,0.0,16.0,0.0,15.0,0.0,0.0,0.0,,,,0.0,,,507859.22222222225,1190249.0493035247,9.0,0.0,20,0.0,10,20,0,0,0,0.0
908,822,3,2014,2014-07-06,Silverstone Circuit,UK,Williams,14,17.0,1:45.318,\N,\N,24.854209445585216,8,7.0,0.0,0.3333333333333333,8.666666666666666,9.0,9.333333333333334,0.3333333333333333,0.875,0.5882352941176471,,,,0.0,1.0,29.104,170042.86538461538,497718.8066390079,52.0,73.0,5,103.0,4,2,0,1,1,18.0
908,824,206,2014,2014-07-06,Silverstone Circuit,UK,Marussia,12,12.0,1:41.169,1:38.709,\N,24.922655715263517,8,0.6666666666666666,0.0,0.0,15.333333333333334,0.0,16.0,0.0,0.0,0.058823529411764705,,,,0.0,1.0,30.353,174088.9411764706,501844.5692426055,51.0,2.0,16,2.0,9,14,0,0,0,0.0
908,825,1,2014,2014-07-06,Silverstone Circuit,UK,McLaren,5,5.0,1:42.507,1:37.370,1:38.417,21.749486652977414,8,3.0,0.0,0.0,8.666666666666666,6.0,7.333333333333333,0.0,0.375,0.47058823529411764,,,,0.0,1.0,28.745,170666.48076923078,499080.4882127591,52.0,35.0,9,90.0,6,7,0,0,1,6.0
908,826,5,2014,2014-07-06,Silverstone Circuit,UK,Toro Rosso,9,9.0,1:41.032,1:36.813,1:40.707,20.194387405886378,8,0.0,0.0,0.0,19.0,0.3333333333333333,17.333333333333332,0.0,0.25,0.23529411764705882,,,,0.0,2.0,28.70028.575,171181.42307692306,497695.7492313498,52.0,6.0,15,15.0,7,9,0,0,1,2.0
908,828,207,2014,2014-07-06,Silverstone Circuit,UK,Caterham,21,21.0,1:49.421,\N,\N,23.84120465434634,8,0.0,0.0,0.0,16.333333333333332,0.0,16.333333333333332,0.0,0.0,0.058823529411764705,,,,0.0,,,437710.7272727273,1073854.3156049699,11.0,0.0,18,0.0,11,19,0,0,0,0.0
909,1,131,2014,2014-07-20,Hockenheimring,Germany,Mercedes,20,16.0,1:18.683,\N,\N,29.530458590006845,9,14.333333333333334,0.3333333333333333,0.6666666666666666,6.666666666666667,16.666666666666668,6.666666666666667,0.6666666666666666,0.7777777777777778,0.8333333333333334,,,,0.0,3.0,19.71019.91819.868,84260.35820895522,7377.374604258639,67.0,176.0,2,366.0,1,3,0,1,1,15.0
909,3,131,2014,2014-07-20,Hockenheimring,Germany,Mercedes,1,1.0,1:17.631,1:17.109,1:16.540,29.062286105407257,9,14.333333333333334,0.3333333333333333,0.6666666666666666,7.0,13.333333333333334,7.333333333333333,0.6666666666666666,0.8888888888888888,0.8421052631578947,,,,0.0,2.0,20.05520.257,83924.0895522388,6483.585219220088,67.0,190.0,1,366.0,1,1,1,1,1,25.0
